{
    "EE_vel_mean": [
        5.8736644859891385e-05,
        0.0005257234442979097,
        5.868539076914203e-08,
        4.6501059841830283e-05
    ],
    "EE_vel_std": [
        0.0005990355275571346,
        0.0005489546456374228,
        1.1737174645531923e-06,
        0.002846820279955864
    ],
    "cable_vel_mean": [
        [
            [
                -6.027939434716245e-06,
                2.107825594066526e-06,
                2.1398539828965113e-08
            ]
        ]
    ],
    "cable_vel_std": [
        [
            [
                0.0072706956416368484,
                0.006764877587556839,
                0.0014154408127069473
            ]
        ]
    ]
}