{
    "EE_vel_mean": [
        5.8736644859891385e-05,
        0.0005257234442979097,
        5.868539076914203e-08,
        4.6501059841830283e-05
    ],
    "EE_vel_std": [
        0.0005990355275571346,
        0.0005489546456374228,
        1.1737174645531923e-06,
        0.002846820279955864
    ],
    "cable_vel_mean": [
        [
            [
                -6.041013875801582e-06,
                2.118384600180434e-06,
                -1.9994619293584037e-08
            ]
        ]
    ],
    "cable_vel_std": [
        [
            [
                0.007270341273397207,
                0.0067612784914672375,
                0.0014122948050498962
            ]
        ]
    ]
}