{
    "EE_vel_mean": [
        5.8736644859891385e-05,
        0.0005257234442979097,
        5.868539076914203e-08,
        4.6501059841830283e-05
    ],
    "EE_vel_std": [
        0.0005990355275571346,
        0.0005489546456374228,
        1.1737174645531923e-06,
        0.002846820279955864
    ],
    "cable_vel_mean": [
        [
            [
                -6.045700956747169e-06,
                2.060591668850975e-06,
                1.8738433027465362e-08
            ]
        ]
    ],
    "cable_vel_std": [
        [
            [
                0.007274238858371973,
                0.006762803066521883,
                0.0014154922682791948
            ]
        ]
    ]
}