{
    "EE_vel_mean": [
        5.8736644859891385e-05,
        0.0005257234442979097,
        5.868539076914203e-08,
        4.6501059841830283e-05
    ],
    "EE_vel_std": [
        0.0005990355275571346,
        0.0005489546456374228,
        1.1737174645531923e-06,
        0.002846820279955864
    ],
    "cable_vel_mean": [
        [
            [
                -6.029258656781167e-06,
                2.0811796730413334e-06,
                -2.9044566751679213e-09
            ]
        ]
    ],
    "cable_vel_std": [
        [
            [
                0.0072731622494757175,
                0.006765443831682205,
                0.001415520440787077
            ]
        ]
    ]
}