{
    "EE_vel_mean": [
        1.9775505677444016e-08,
        6.957998177625768e-09,
        -4.773865192042592e-10,
        5.089068721986223e-08
    ],
    "EE_vel_std": [
        0.0003546853840816766,
        0.0001869760308181867,
        1.7998294197241194e-06,
        0.0036353503819555044
    ],
    "cable_vel_mean": [
        [
            [
                1.2854991737754062e-08,
                4.178790646847119e-09,
                3.356612210403398e-11
            ]
        ]
    ],
    "cable_vel_std": [
        [
            [
                0.0014778038021177053,
                0.0014295382425189018,
                0.0014141772408038378
            ]
        ]
    ]
}