{
    "EE_vel_mean": [
        3.485638808342628e-05,
        0.0005758658517152071,
        1.1255048804059697e-07,
        0.00010602101974654943
    ],
    "EE_vel_std": [
        0.0006328604067675769,
        0.0005820721271447837,
        1.2651312317757402e-06,
        0.00270622200332582
    ],
    "cable_vel_mean": [
        [
            [
                -3.2779973935248563e-06,
                1.4912540109435213e-06,
                5.480174980476704e-09
            ]
        ]
    ],
    "cable_vel_std": [
        [
            [
                0.007474906742572784,
                0.006978823337703943,
                0.0014195094117894769
            ]
        ]
    ]
}