{
    "EE_vel_mean": [
        -3.3324051855743164e-06,
        0.0006700564990751445,
        3.1420074719790136e-07,
        -9.120346476265695e-06
    ],
    "EE_vel_std": [
        0.0009056706912815571,
        0.0006715501076541841,
        2.7214052806812106e-06,
        0.002871312201023102
    ],
    "cable_vel_mean": [
        [
            [
                -6.376382200024011e-10,
                2.86914114688841e-09,
                2.091598942655093e-11
            ]
        ]
    ],
    "cable_vel_std": [
        [
            [
                0.009008725173771381,
                0.00833801832050085,
                0.0014411034062504768
            ]
        ]
    ]
}